in_charts,count,mean,median
False,242,2610280.6694214875,2411844.0
True,253,3139469.1264822134,2776645.0
